<?xml version="1.0" encoding="UTF-8" standalone="no"?>
<BlockMap xmlns="http://schemas.microsoft.com/appx/2010/blockmap" xmlns:b4="http://schemas.microsoft.com/appx/2021/blockmap" IgnorableNamespaces="b4" HashMethod="http://www.w3.org/2001/04/xmlenc#sha256"><File Name="Assets\Square150x150Logo.scale-100.png" Size="5204" LfhSize="68"><Block Hash="XOvRnQ6mjY+CQsI27AIAcyQGcKTS7LxgQgsPyvlkZhY="/></File><File Name="Assets\Square150x150Logo.scale-150.png" Size="7620" LfhSize="68"><Block Hash="mwu9UmQ4Hw4BpVRBYjdqQeiv/XFiu3Bho74+fLN4YSA="/></File><File Name="Assets\Square150x150Logo.scale-125.png" Size="6544" LfhSize="68"><Block Hash="+yfPPnKU0acRLrqOREjZRVCtO0I+quesv3LJ+T6KFYQ="/></File><File Name="Assets\Square150x150Logo.scale-200.png" Size="10429" LfhSize="68"><Block Hash="V91dssm4eODmLyKHzD1o+49yWh0L3GoMZQOoqaBqTSk="/></File><File Name="Assets\Square310x310Logo.scale-100.png" Size="10897" LfhSize="68"><Block Hash="zrn13MOk79QmPY+lghzZ1pf88kPHNPPZeQKIxl+OnNs="/></File><File Name="Assets\Square150x150Logo.scale-400.png" Size="21727" LfhSize="68"><Block Hash="/FR4lS7PKEqB3wVliozcG4rR7af1cUQDIcTIwsCxtwY="/></File><File Name="Assets\Square310x310Logo.scale-125.png" Size="13461" LfhSize="68"><Block Hash="s87+RCNKEcN6HWHm5uBgOJvN+tHEyIDTsxhRGFoi5S0="/></File><File Name="Assets\Square310x310Logo.scale-150.png" Size="15732" LfhSize="68"><Block Hash="52FSjtQGWgqphy2FBYEEbCMMIwpQ25ff5Xdp7Vi2rGY="/></File><File Name="Assets\Square310x310Logo.scale-200.png" Size="21348" LfhSize="68"><Block Hash="5lF1p0jYwoxH4nVRakZtRa4cr5RnmnkjmSHz+Phbrc4="/></File><File Name="Assets\Square310x310Logo.scale-400.png" Size="46501" LfhSize="68"><Block Hash="+ZqUEj1Xo7njjvTF8IbEGQchl7hIEcrF6dtO1ftmUQM="/></File><File Name="Assets\Square44x44Logo.scale-125.png" Size="2340" LfhSize="66"><Block Hash="yl5R7pUMjIMlmLYBY9OhtLnxlTy87uoJbCKkPBJ1Qzk="/></File><File Name="Assets\Square44x44Logo.scale-100.png" Size="2075" LfhSize="66"><Block Hash="PLj+pgPZ5T0E3NU3kT+BzVAgiIvIStBSy0mZQFSSLi8="/></File><File Name="Assets\Square44x44Logo.scale-150.png" Size="2660" LfhSize="66"><Block Hash="VP55SknJc7PqPWFpT67ExUpfdp0J0Dt8ZXa+cvFVTlI="/></File><File Name="Assets\Square44x44Logo.scale-200.png" Size="9770" LfhSize="66"><Block Hash="qwjXPhZSyBUekhere6vh8dmIJFCqy2MPpJHwVefUq2M="/></File><File Name="Assets\Square44x44Logo.targetsize-16.png" Size="1016" LfhSize="70"><Block Hash="Wa1+EJgNn76SrQ/3eAXf0+hHltQp453T87VxQ3WEGSc="/></File><File Name="Assets\Square44x44Logo.scale-400.png" Size="5963" LfhSize="66"><Block Hash="si+E7DDatklK99ejl2QJPMGEPLMywotrSY3vkGXaFYc="/></File><File Name="Assets\Square44x44Logo.targetsize-16_altform-unplated.png" Size="1016" LfhSize="87"><Block Hash="1Gtj9+fCbTSSHec7aTmPtr2wZ/5HJlzHgC5bPVo5AlM="/></File><File Name="Assets\Square44x44Logo.targetsize-24_altform-unplated.png" Size="1326" LfhSize="87"><Block Hash="f4D32+jdU63L1u5BLV+e4PBeQ6cTs3AsZ1Ee/AkJDmw="/></File><File Name="Assets\Square44x44Logo.targetsize-24.png" Size="1326" LfhSize="70"><Block Hash="YRd+x2o4kj0a7xsUTCFaOfVRsQzUgaB0yQ/wUvP0ACo="/></File><File Name="Assets\Square44x44Logo.targetsize-256.png" Size="8665" LfhSize="71"><Block Hash="s2RtoEZw6voQwjlPMVVjJIe4whX4hmf7ippq4iCvxkY="/></File><File Name="Assets\Square44x44Logo.targetsize-256_altform-unplated.png" Size="7846" LfhSize="88"><Block Hash="8hyDWqzGhUzJQ4D2fmP79tWISTBflo8VnhvDQ1yKmB8="/></File><File Name="Assets\Square44x44Logo.targetsize-32.png" Size="1715" LfhSize="70"><Block Hash="vF5+8lza7DfoksURJsm8dvS+/tIZWQU5Ai/9kA5cQXQ="/></File><File Name="Assets\Square44x44Logo.targetsize-48.png" Size="2270" LfhSize="70"><Block Hash="x8wmjhoEEfRhZ6uEgHYMYp7fqOBjv8K5iEZWDVEAxG8="/></File><File Name="Assets\Square44x44Logo.targetsize-32_altform-unplated.png" Size="1511" LfhSize="87"><Block Hash="ifkcx/eqMJB7MQy66eLPDQ6o2TnlnquMxKo8jQIMiDw="/></File><File Name="Assets\Square44x44Logo.targetsize-48_altform-unplated.png" Size="2035" LfhSize="87"><Block Hash="4okQr13fZ8gtdgAsnqgAKurjHsarcDAMiDA+VcSFxMY="/></File><File Name="Assets\Square71x71Logo.scale-100.png" Size="3228" LfhSize="66"><Block Hash="tKb/YHjWmB03eIHE/QPhkQTnEKrmOjSrGLy9TXSfTiQ="/></File><File Name="Assets\Square71x71Logo.scale-125.png" Size="3525" LfhSize="66"><Block Hash="nyRCuMnQ4Nz0i3ci0KIJJ4hZ+hjWdEUgyUmywSDNtkA="/></File><File Name="Assets\Square71x71Logo.scale-150.png" Size="4118" LfhSize="66"><Block Hash="UZ492Fha2IS3TS9YTLOekncr55Ky4614Rk7wQY3vkEo="/></File><File Name="Assets\Square71x71Logo.scale-200.png" Size="5153" LfhSize="66"><Block Hash="YdJYKabL0P0Exl0fY+tkEaHjgd8KF5aluJKQYw4ghFU="/></File><File Name="Assets\StoreLogo.scale-100.png" Size="2170" LfhSize="60"><Block Hash="ZqnVekgygfQcXFifiT53IawWvf6XtU+7isNQ/Pjr2Dw="/></File><File Name="Assets\Square71x71Logo.scale-400.png" Size="9403" LfhSize="66"><Block Hash="GlmZG+KiWt0710wnth9wdidHUABINeYo/j9oUgTAlUo="/></File><File Name="Assets\StoreLogo.scale-125.png" Size="2603" LfhSize="60"><Block Hash="mGNXvjdow+6d5v6Cu9LJvfQuBTSoFVK2/XAGmFT3+/g="/></File><File Name="Assets\StoreLogo.scale-150.png" Size="2941" LfhSize="60"><Block Hash="biRkFJkKH8PUpbZg/3zDPhK/VAQXnkG3kW0ldRgwkbk="/></File><File Name="Assets\StoreLogo.scale-200.png" Size="3919" LfhSize="60"><Block Hash="vZ0dmZ4IEyOX2AiP8nT3Omz19J0AqHrcnuihlNSdq8s="/></File><File Name="Assets\Wide310x150Logo.scale-100.png" Size="5852" LfhSize="66"><Block Hash="SIZ6QMNt7Hn5g5y6vY7Rjd+8cY5SnBEfVwSeQF7sZa4="/></File><File Name="Assets\StoreLogo.scale-400.png" Size="7020" LfhSize="60"><Block Hash="rff8qDEA5g46x4UbtzlFCExQTxdzyrWFxAqsRyjT1TM="/></File><File Name="Assets\Wide310x150Logo.scale-150.png" Size="8265" LfhSize="66"><Block Hash="cmNKQQhrCLnoTYeNTrCAica/TR3jXJL9rwLr4CX6RLo="/></File><File Name="Assets\Wide310x150Logo.scale-125.png" Size="6841" LfhSize="66"><Block Hash="JZdVhq4R1W75n5uCsE9mfZuQxaHn8h4ax1vDAQ2pViI="/></File><File Name="Assets\Wide310x150Logo.scale-200.png" Size="11556" LfhSize="66"><Block Hash="c9vgXiMXOT9fuAlXwv5oOBmr3TOJqjxXG/n10Y/Y9mI="/></File><File Name="Assets\Wide310x150Logo.scale-400.png" Size="22785" LfhSize="66"><Block Hash="lH2UMyyngGWqR59m/BpB1Z9/Xn2dBPApOaAOiORETIs="/></File><File Name="EULA.txt" Size="8398" LfhSize="38"><Block Hash="koMkSnVP9/Ur+ttrTjfJ4nQ3uRdbvDKSh3Po2AyG+/s=" Size="3506"/></File><File Name="nvcplui.exe" Size="14119632" LfhSize="41"><Block Hash="wlU8VdJOULD5HlfZdq0Sjk6advFWNf6MCWYH4XRlxCg=" Size="29627"/><Block Hash="0q6kEzEpQBwnNEJRbxQVPoIUNQDFwAWV/SaEP1AkfT4=" Size="33881"/><Block Hash="9MRbwOPAEcEev4LWr6SlteRAcppeq6za9MVtrxkixIc=" Size="34533"/><Block Hash="bR7w2LnVp6YvI3Zh1OAuQdUmPsrhshj8HpeH9Vcgma4=" Size="32833"/><Block Hash="6uwvsxkueZx+YUtpfaAtDkCwJgj4EP//DVShZ+mwifg=" Size="26620"/><Block Hash="sP/XnV8Cl7L6RML47g4dcMIEKxgHGtF/7NtqtkM8wZw=" Size="30952"/><Block Hash="223BXTJcv3in9Tz/vDzfTeOF2JlFhxSxjTKB3UylylM=" Size="34959"/><Block Hash="p43yX36eiiKray2sW1EddIHvy4Af4zyVBpo4YSeQyyo=" Size="35977"/><Block Hash="VJ2emzI4J/zYgRBJtxNjCK60wOXj8Q8AnJlTNZi+8vo=" Size="29790"/><Block Hash="ZXCZlfbPOtU8X2KEqDEHAL9SIdDy+IcmkhBdp/FlIZo=" Size="33924"/><Block Hash="GPZ/niX4dM+m8czV5Mrn+u5iOqeFicP0I8R0lLa2jXQ=" Size="34364"/><Block Hash="EOx1Xuc7HnvcS/KjfdwszJhZcn/32lCfh7dGspdOn6A=" Size="34364"/><Block Hash="OnCyN0tC1aU7izx7YWoV/SOBhC5ioIhe/p1MRQev2d4=" Size="37371"/><Block Hash="Xn5CVHp1O9zqFgYyR7lWgqiMRax5V9bOcXVQ+cc2i0E=" Size="35130"/><Block Hash="zbwpsr8Ar4q6Igo67YZsCEvmm2V5FERgFTisNZXQE4E=" Size="35467"/><Block Hash="IQPZ+M8YlP+hdbAPzWUituLB9hHbtszZBJYaQUNE0iY=" Size="31686"/><Block Hash="HeWNVarLBPAKSTj9caftv/wHo8LoNAMkeGCERSE8zII=" Size="34315"/><Block Hash="FRfu0MhQ5tbIZUcHLi6N4S0iKC8rB6WfBFVpl+iUpMQ=" Size="33248"/><Block Hash="CfDizkuf5XCFHLzgK/Q3Dc3kMn54ykFkcxxTMu4hsDI=" Size="34161"/><Block Hash="jzRd7KNu0kzkkDfopyGnJ737SA2aQy3hq8+Ec3cTH0Q=" Size="33940"/><Block Hash="H5S7ymzcfQwvOxw1ZpfxrVskr/nY97J4gGHJEeiHE28=" Size="34369"/><Block Hash="9/sMHhNqLmTSueRAF1eXmBkRYp3v2c836inuEDHzE4Y=" Size="32544"/><Block Hash="xyO2Bw6EuE0EsLNBSaHkPz0oU7TEW1xLEVa5KS2o3Tg=" Size="33871"/><Block Hash="xTKWPGMhhFTMRtjAuM8lFjilQ5IuVkYLeFFyQ8njtwo=" Size="31176"/><Block Hash="h1g3kFEzKAR3PTBZIpztmYz8nG70aFuTmUJ5iygcIUo=" Size="32455"/><Block Hash="4TmJuAsTlJNenZZrhqcrgNI32PyVZLQ5oulWgOjGIHA=" Size="35280"/><Block Hash="mRJ4WEuBgCr77zyRJSPL7cJ8YssPMFZOg6VakKFZYP4=" Size="35385"/><Block Hash="Bw2Vf/dgpvnv0S6ohCcTFYTP++lgPgsqhgZcMFpN9gA=" Size="34969"/><Block Hash="NqnXO4+lBXCToEg7QYDU5HmNBANWza5HVwlAFTXUyLg=" Size="34070"/><Block Hash="zloi5rsZxXl7jLvCJGYP/Xf8sXp8hZ2LeU/ydOmiQSI=" Size="32698"/><Block Hash="0IHdDVRKjd/HABHEUz1CkIwAFKRo+dlOuiDFPsBBQfQ=" Size="34367"/><Block Hash="hRnmw1uA9E1dJ4BgrQQPhRrL9OJNKevHczSk0MaBPlE=" Size="34841"/><Block Hash="lFSGtHqD8TxNXn2/tS4bDB/s7ntXawJIKwbw2eN3ElI=" Size="35613"/><Block Hash="V6UJijWASL2kC6TswsDgZ9JHinFqrJKcaps4H7xjAKY=" Size="34061"/><Block Hash="WwxJM2f4Vx3w8Slny580KhFyw9HKFS8MJKnXEWtQG/E=" Size="33778"/><Block Hash="Xo3s1YGXU33CzElBYej6Qzrtqa8Pc2URgCnNIkbLBIo=" Size="32771"/><Block Hash="lOLGaa2EOuKPvPHwMIV/RF6OOVegu/c9AkOs3uO9edI=" Size="34091"/><Block Hash="Yxt+GNSAI5+5U3nAhqcHZ2sYqu/pENeTWUa0kY/JMKE=" Size="22068"/><Block Hash="vBa7lgmrbHrLiNndqoAdmCNWnTG1/ZqveOod/hFDRu0=" Size="31528"/><Block Hash="cnLZcjV/kIdBZCzpwe3/vxnHZOfx0QNzyYKipsuvOn0=" Size="36878"/><Block Hash="Qx5rC28RXtGqnH31186COiwuyIOl87bVDziPo8/sUgA=" Size="34977"/><Block Hash="yCpYEXpNC6xQPVUvKDKQGSkWEEHjJ80GWD0PPkUImWQ=" Size="37896"/><Block Hash="fya4amfUNGu7HAhRGWoTbCi8u9VfbKLEtgw7VDpMMQk=" Size="28758"/><Block Hash="TPPMh1+jdy3PtNFCpiEFF/lfkTt+21pY0sVbxm6Zn00=" Size="25296"/><Block Hash="a4MP0NmUWjHdJFrdzvEcSGJP3M2zBtBj7C+2uQt182o=" Size="17128"/><Block Hash="C214gKpO/5G9PH4x7oE43RAIpUiY60L0tAUKwtBd34w=" Size="16413"/><Block Hash="GjfG2/xVM+rB7IS5OfmTIz8Em1qUKK4mHvGpdN3tFTI=" Size="14184"/><Block Hash="Pk/SE2t+ghTnZLXSXuoHllyvvjUYAve+bQQ0/sIIr3o=" Size="13532"/><Block Hash="TUxSuhj5hXLwGfFEUtwrkNWIJlrmuuKtEAKAecbBaOU=" Size="12315"/><Block Hash="n+V5B0VlRdiuauGlVv3f+c24dp3VOsxiIBGppQbYDfM=" Size="11233"/><Block Hash="ZShBn15hkc3/R6Zwue2A4b0NyRhl2WQAx0R0U4k8gSw=" Size="11506"/><Block Hash="POX43HWbnrMf//BDBPzQbkjDxx6q9qHgBzKt/PSS/uM=" Size="13341"/><Block Hash="wd9n1wx5ljAo/06e4vIWyivoF/of3uerM5t4t+vWzc4=" Size="30811"/><Block Hash="9Y5XJKNS4CCWitbla+T5WPVQM+yNjl80ty25X75EHus=" Size="14033"/><Block Hash="vVL1NoLB1Nj27hz2kyC41hcdy3b3TG9zIs5dYaoNEw0=" Size="16035"/><Block Hash="wheQ+b5SO5tnIqYyXJwCS+rOiEOZ+l+ZCsqJFTSsD20=" Size="26667"/><Block Hash="We7pXmPxTl5WqBBJDbGAny+SDAx4cnnA64jiWoV18Kg=" Size="27627"/><Block Hash="YpAk+wFAbnRiCEAPsatckYDaLEW6dgwVY+cerR9m2Eo=" Size="28271"/><Block Hash="MiKbHWtDlgQOuK6tmCRCCm9HT0dYwAJh5rFySSP1JaM=" Size="26410"/><Block Hash="qOJ9OL8gNLBfCHlaNjgsBILaJJ3y6pnT2FVr8kpXJgE=" Size="16587"/><Block Hash="gC2E6RfKG47sBz6ptuJoU6gBAEnLOuCZzvBl/FRN+PM=" Size="29748"/><Block Hash="aoOM8PTFgq63o1EqZUF0KCdZD0djaoXS7Xs+V9I4KHU=" Size="34172"/><Block Hash="fTwWWDiaop9ds+7lcVQHN15NkIgCicm8AW+gek47TvM=" Size="20761"/><Block Hash="GbOJhqBbevmyfpCrPB+i2JrhCq7GnzYPyN7nYl7PTBw=" Size="7371"/><Block Hash="ugOH42PJlsQ4OvK+MWzlEHLglM1A/l0aF08uol7u81A=" Size="5516"/><Block Hash="7anZb2I96bsEY5hLZDDd9nx1PiqE9dbwVtZ06SEizPo=" Size="8505"/><Block Hash="g9iWCj0SDJJQBg8akPuFU0zrc/M7/G4Msqni2CjpFqs=" Size="6403"/><Block Hash="izEGI7MVR9U4JN+Y1S3BmyPDqU2pAI7VcpqHeVuoK80=" Size="11126"/><Block Hash="7yUMHnDgEo5ks6QnCp0cs0v1XPLzcfPjmqzKdejjdDk=" Size="13933"/><Block Hash="zK1+OZqL14uDwQmyhGTf797ZofqFUBH19FG3a7J0Sng=" Size="27023"/><Block Hash="NKc8S0UKNCyIJVDTcYayPUW3aixABI98x77zaCRhxv4=" Size="21069"/><Block Hash="8yPzCupo+uk2c7yXbRunXivUW5oxoMumZ0M7OWxB4d8=" Size="10590"/><Block Hash="lZixKH8RcEJONMbq5BsBXZq2Yt5wPmWepDiuZzNfUIY=" Size="1792"/><Block Hash="X0fjmJBGq/yWp28AG0jBSvrqq13rg2NEkaD51v8tMbc=" Size="8870"/><Block Hash="60WOJv9Kp0IrJhr0ovA8SLKJvDY1ZMHyao3zi10qrLk=" Size="905"/><Block Hash="DtXKv+5PkCtH/b4W1ohmjAmBv0wCi3LlLEmJB6L9G+4=" Size="908"/><Block Hash="FMPBYJ3SwTjYeMft8XDmeZvPwpOcgDnoodNuFMtCMus=" Size="6327"/><Block Hash="M03o4sXZFZhEhDpdV+BbodT4b+1MIt52R06AGzPn7U4=" Size="5099"/><Block Hash="337E2mepV1yAki0OEZgE8QYlWBgNG7YCPxymE83/ip4=" Size="356"/><Block Hash="NliB8mnUGJOgYieKQEG/tZXhaDg71v54sLX7sZwoZYs=" Size="5663"/><Block Hash="TXnCw2GSbRzSt3bPnJ7v/P641tHoCOvmkFTKWfls2io=" Size="5556"/><Block Hash="KA+kQMpvG5th8xk9GED2F+s7KIPpB1B/ktuEXJ1mftc=" Size="4163"/><Block Hash="BfEvb6S8qVmTmlvC6hBe1A9aD6g2tQ4K0nmtDar2sFg=" Size="3638"/><Block Hash="6nWYxxm16w4ABmvhy5R9JUaZYGkB3zquLI47wTY/1yc=" Size="4460"/><Block Hash="2zWIQoSY6PYQ7n81O+SYXOlcFxyiPDxs98FklfWLiiU=" Size="4518"/><Block Hash="Gs+6q3KNKhu67ZVHDkYbXi6DMHbg+SAkX7GMY2MSEOs=" Size="3818"/><Block Hash="kcqZP6ioPY/4/rYEKR7ALtbLFi0eyirifuuOJ2xgS4k=" Size="4178"/><Block Hash="mlm9soU06NkSjK63IgnjrW66SVVlu2+msrSQtaoMJpg=" Size="3712"/><Block Hash="RHBqnRGCJky/fEySpEFWc0lSbfp996A2g9NoaMCwLOQ=" Size="4160"/><Block Hash="HiCNGalBKutmHk2DgyavEOHj+ZsUDEankneZrtAw1mM=" Size="3812"/><Block Hash="R+NnYWiOXQaNIpAOt6swvu1YfSYtrtaU5Qogm5cDu2k=" Size="3967"/><Block Hash="m2KRrj44iqoqRQ/c4subt9S3Zxymhjm0rlT1LvUCXfA=" Size="4496"/><Block Hash="KLpS7SyX4H0WLO9BUgxWM0/+SHmT0gFTtWjgruvSgQ4=" Size="3741"/><Block Hash="GDcBcRO/EeLwGf4gnAWQddK/784fMaHjmP53oQIk/O4=" Size="4343"/><Block Hash="edAeoN23QK9YNacgBLSqmWC7yL2asLjb6SF1rtgBjcM=" Size="12765"/><Block Hash="NO3fAUM6qYsJdjI0F6I1vuFAowHbLjjuC56lV4fzh6o=" Size="23186"/><Block Hash="XbACG8pH3nZ5DL5H+Uuyusfhsa/OvtcZj1OKUXIqETk=" Size="1590"/><Block Hash="73ql/HF+8HWPcX9AVZ7uUlSf00t6frrqbAA2d2xIcGI=" Size="1418"/><Block Hash="68NhUhFvf4WPTu35j1NVJnp/ZaQWXJ0jO9jLWbLcqUQ=" Size="1203"/><Block Hash="kepGp9oGQHLHvpblxW3CT1FJT2rPabmf5WjoS1rfAKY=" Size="719"/><Block Hash="fTp8tvfgobSPfVUlcOjXyww82X4eC+0rlPyQyTAt2m8=" Size="1254"/><Block Hash="bN7/YSRzXoLpZha1idtiV0/7pErKPxPfN/BCuUBNi2k=" Size="1209"/><Block Hash="Ubwxl5gW+a0E/EqL85Vy21LGvPFHgtuSoT1GwGiAvf0=" Size="2415"/><Block Hash="A/sKt8ZtbOtbe7mMaXsBD5w0+k5A1yLfTlJjdpJzRsw=" Size="994"/><Block Hash="vbs0LjcKLpqN+uHZfXVdUSyEgIVIv/sLNFA+R2RQ/dw=" Size="932"/><Block Hash="dYfEFOaKzPotw5EMuOkll4ZgPUNJSOyDjcVgZ++I3HI=" Size="989"/><Block Hash="XPEds+jYt/z8EDRcgnRgeLScOKGrlRhtpYiYHToDvjM=" Size="1845"/><Block Hash="9UxC1mXwVgLbcgIRnurM5wgknNGEqK+jIkGsulRR1v8=" Size="1370"/><Block Hash="Q8usq/odyr010gl7B5QsDVyYnphaQN/vAMhI/IhzjFQ=" Size="1484"/><Block Hash="AmvPaSQGfvmJTtBT28ZRYwbr/WRgarfw6zQT6W5YOQk=" Size="1689"/><Block Hash="Hwtqgli8etMt0ryAHvHwHhZrp9wJxCiDtVofSw4vs3o=" Size="1058"/><Block Hash="Bwq5/DUnznqw0Kuc3Kf5wKO8fGfNbJs/Hqx15t+uevA=" Size="903"/><Block Hash="bW/7oFamhED+y7QULAwnq5C+/w3P+78LEu3F0aurWyc=" Size="1628"/><Block Hash="zHEjXbEY6JRydDsMXlq8hZ52EeBhICTKA8s76qxVPms=" Size="2055"/><Block Hash="rKLymVbPhJMH3E19FLH/Y2kEj8lvBVFvoOFxIViCvmM=" Size="1029"/><Block Hash="NQtwMYGdoa61l1nGOaOyPcQekUtJuRe9TIyQbD2+fKs=" Size="934"/><Block Hash="EZCmCTyCUBv3miIJLNdoRskaDTQlvEjdeRWESuhd2i0=" Size="787"/><Block Hash="1XmBhAleW59GkxZHJU87n3UDbGbv3S+KHy7XsykuCKA=" Size="1113"/><Block Hash="7sFIGPjUBcBTV1e6n54wE5wV8uvPCHhe1iEUw/zrhOQ=" Size="1882"/><Block Hash="4UgV/GQXLbVqXKA7OHD3aEKDKM+baBTqCzm8XadttQs=" Size="1804"/><Block Hash="Xf4CXDYaDV3wWJSB6G5WC8y5kaZ5T2LX9MZSYuDMv2o=" Size="1185"/><Block Hash="KEqU5VjTv0mLSq2UdkG/ruUTGk+GjL1jscMmsO8gMqg=" Size="1810"/><Block Hash="P8fxtBjrBpLc5VOeaIamrubR/RbL/xwxf0/y6pCJxj4=" Size="931"/><Block Hash="8Y5XS30VpFj7Up6ziOr3G0l8+vykih8SoUDObZj5za4=" Size="1030"/><Block Hash="gf4+VUYXp8pH/HQlFyLiyagsEh+eNDMsNXHV1/Db0h0=" Size="830"/><Block Hash="ymq9VPYhV1weVm5n6qACYJYJB8AT+FOCi5atrmxz+5U=" Size="1420"/><Block Hash="o/CKq7aS3MMSi8/fdHTnIroN1dWCZYGubiTV38Y60jw=" Size="1674"/><Block Hash="AyuJmScbHepC2kjxZq11YSdgk+xyDT8aalfmK//lIss=" Size="1865"/><Block Hash="aNT4hHcFUblFvY69OFrS7gPTyrOzKBYbbzIxh2jFNx8=" Size="752"/><Block Hash="yKZtaCil3l8EZg7fsNKSvEtplSgdus3NRHADnS5qSms=" Size="1474"/><Block Hash="ee2iq/XDuNWiPIgae2tLtkmzXvkHGvKhMvJ7yvWdELI=" Size="1594"/><Block Hash="I/yRPtn15GsjZ86nhrVB4J58c0MQ2aJ2X08LLuCzgfw=" Size="1933"/><Block Hash="YAdmMAr7DRDvM85dsVuBBr9WMApJss3yLZL7SNMSeEc=" Size="1026"/><Block Hash="wueyrKbNM3KUGqBrpsNiWQ+a2FyaKPzULEB5kX90444=" Size="1956"/><Block Hash="EVMOTZVWt0tYNvctU6AbeVOaQp5Ln2sdRhJ00gSpxSA=" Size="787"/><Block Hash="doWRfyFWjeIR1ccSmVbnJKT/nTxgMX8c33xz7I65mQE=" Size="1183"/><Block Hash="AyCbGMMdT19JEdzMbHV3pZ0VLDI0M2uPZi13TlaKgRI=" Size="977"/><Block Hash="yvMPyzGZ+R6OdHbt4P+90M22rAbXx4Pb5v9QF3SrRhs=" Size="2978"/><Block Hash="4I4DLuCtD7SuLnMz3r6aVsngTM4WLS/qyy8hbpBtZDk=" Size="943"/><Block Hash="UGM+uSRB7ZtYQh87QylxZolrvpzdCbTpHClKrs5+VxI=" Size="1574"/><Block Hash="YpmTz4r6IdVSg9atJL+AT6lx0K2rhYG8fZu429ppd3o=" Size="520"/><Block Hash="9cwkBUDUMZv/oXf8bkzBTIfQpgx/bcZvea69+fOrsLA=" Size="1318"/><Block Hash="HZAguUlxdVJb9KF2ia7KLTXjU0LiUYaj1D28JamzwmI=" Size="948"/><Block Hash="S77XVUCfGiFR1i4R0xlw2lqMquLRa6uBeKhTvsnKwQE=" Size="1391"/><Block Hash="AGoPJeJLsVpRpKRFQ2qd8LsmaErbcP0FhiU6hphUMfk=" Size="589"/><Block Hash="KAuxuNSl8ag7kHX+GA/P3m3cQkVx4CtGR7KnYfTlYEI=" Size="1751"/><Block Hash="M8EeLUywQAGy7HCqEuDEv5vWZSkYZieF9uHvwLCIevg=" Size="1083"/><Block Hash="LPnIy0a4DJCh5Hu1v/riFxU87bnaQlutUkA/Kv+Dx18=" Size="1284"/><Block Hash="HuRufYY+TtH0u6NbVU5OjPnD6l14TtwgPg+F+Do8oo8=" Size="669"/><Block Hash="tApwOgBw4iwq6Hu67fKXnuacmMlnGTWuzH8wGrVtyMA=" Size="2475"/><Block Hash="rtD0tQ/HYYznezXgptF2XyubHlCejtbd/pYyyfKXspI=" Size="1287"/><Block Hash="2xbViky/bpCbx8nrWsF29Wf6saUZkWv3Y4Ta7fonCqU=" Size="1818"/><Block Hash="cKwzL3g3JyWM3FQZvSB3gYdNhto/XU/AvIhant6cVpI=" Size="503"/><Block Hash="BpZqGo8+5s2Q0h4+G0J1sF5KMT3ccVFrNAFpdyl3Vws=" Size="1927"/><Block Hash="ZdqcPCbAargrt2IxbB/ucJeXowEjLSHQHJJOUfYBJAM=" Size="1154"/><Block Hash="zZlbRQKmCuVUFjp0uSY6MTvsN82QSFE8pNiyBz7CR5s=" Size="1292"/><Block Hash="47v/sPvELbKMcuAQTmlp0cGA9Ml4/daB8rsGPKV2t+4=" Size="396"/><Block Hash="EpDHwUaGLeDFyAbxHcxnXrsm7OEneOOrIfHTezESEWk=" Size="1128"/><Block Hash="2OvJkmiqIBIRYQgEBmAnmB2hOoEFcxaMy8diusLfN44=" Size="873"/><Block Hash="Yv7WBO/EhgBz+bbn91qAEBPqeGGB+ug8EvZE8kbxc5Y=" Size="1287"/><Block Hash="F7FBxWlHRHhRLIQcFQzOwpAd4udCnfxfb1dPKXliGU4=" Size="296"/><Block Hash="QSUn6f0GlBNGqpIUY1tMZS5bVLlyKoMsx3CuCRelhTw=" Size="2775"/><Block Hash="q5TI/mQDc3ETAzaWOBcW4DED4ISqUvm/6QhHjU4EdW4=" Size="1291"/><Block Hash="qMwXSWxx0ghTXcnI80NKcEhuB/9ViVUH6cIXZ86seYY=" Size="1334"/><Block Hash="xO7eQrG6rNtSnjWQn6jhGBXyng29VDY4oF1A8cjMDrA=" Size="373"/><Block Hash="laWi9+2NgVMBcyympvzdpqR/HGvcYvjqatXutkFNfmc=" Size="2072"/><Block Hash="un3LwyAVtxnMIF6GSU+3elizSj11zpFJSywUdMCPQ+s=" Size="1220"/><Block Hash="yaQETJ4ITfel0T7yu+QJLBFq90zE26398LSLZr5cRUA=" Size="1301"/><Block Hash="uXoXvFlzzftBMz15XO11pCN4Ihkyysl0MbHb41pNRxo=" Size="403"/><Block Hash="YQ8wPSD/rDgzgj9MYsj2Cyw76gl0esfZQjONRfGnQwQ=" Size="1244"/><Block Hash="p1JzfxYjQ+VeZ3Yw+jRw3GKaXcSaedyb/e5qIg6opvo=" Size="1052"/><Block Hash="POObGjyCbczW/HHFBoUCU4qLdrXGgkSf9TldzS1ltDk=" Size="2597"/><Block Hash="venDGPpnOddyYEfESrcOfELW0BoC5eDeZQIow9DP+Ig=" Size="752"/><Block Hash="ZoIRDKdvOaJkw0Zad7epfC3PlIPiDDOAZEL+wSu7XzQ=" Size="1562"/><Block Hash="5/Q1ktyJ9oIFJSzwf9CF+RZgGrvt093Ef67y2Kqbfis=" Size="1177"/><Block Hash="RLzTv7qCX30xYy5cuqpuJb4RDOPrzL2HmVQVNbZwtLU=" Size="2508"/><Block Hash="QvjyyWiZUpzjltMbUihJ7BoYpVL4Wz9whFXu0MX0tdc=" Size="969"/><Block Hash="qb/uPLo/lGGVPUNnQ0ZX1S+qNu1yIUv3SZnO8DrlkJo=" Size="1486"/><Block Hash="+8BErOH8QAr83cV89zOoF6ZGLRaalSNXR04vMcVYvcQ=" Size="1135"/><Block Hash="q0fglh0Jq5op3X2bcLId+tEnJIUItvpi7OMryh6mMDg=" Size="2425"/><Block Hash="/2T2QonDAEA2dnEat8tK4WUm5/5QuKzhq98rOTCXkY4=" Size="1042"/><Block Hash="Z11naka1gsA8HKGKWRWabzYq/mc2IhfwVEgLcXlV698=" Size="1072"/><Block Hash="k6hD8hUWineRW/o2yfyj4gd5o/hWU8ZqxVB66E785p4=" Size="818"/><Block Hash="RZaA1urVymXTGdvSLCAEjESjCepWTul9uMoD2pfp78w=" Size="2580"/><Block Hash="uTPF4oNCdYR981dl2QOHB7HB7y+xYjHXlJbwW+3XyuE=" Size="1040"/><Block Hash="BzniLi5SkGIS+RzkGMCCe4FVrHJ2GVIF+4XRFTjGU4g=" Size="1058"/><Block Hash="uT90dpO62XVy9q6MZC/p+Cjf2LHDWqiTFoEtSig1kwg=" Size="862"/><Block Hash="/GQoBz9dcljweQPRDjcbnx7nQbKE0bfd1KZ42MBhg0U=" Size="2067"/><Block Hash="yR0N6JkTOPoLwOchfJG5ajiwUrQo/m3nzHjOeb8OaGw=" Size="1109"/><Block Hash="j8JWRP/khqCgl0CyDhCFxei3evVt4i7zCRZe2oOjiBs=" Size="2323"/><Block Hash="N6CJic5iFLPIbMTHgIUE2Wq7T8g/4GPumGWjo8I1PKs=" Size="2167"/><Block Hash="4XJ5/eaSkMpLpTg4EAThAA2oEBu9aCWuEnJr0IyZl1A=" Size="1203"/><Block Hash="L70N/sO/f5qVayzVGppf149h++j96oaxrjgGQ+436IE=" Size="720"/><Block Hash="v37Eg5LU34yWg5j43Aiw9Lce4I1glKEV27ca/m9AjsE=" Size="1582"/><Block Hash="o6oJezkZCVE5EX3dMUFO7eVG7Oz6IR7C/n1w9wMsU9o=" Size="1550"/><Block Hash="9YMXZctJt5Tr53EQQYIWKE7vVx1eSfyiRKN2RvOrf6A=" Size="1415"/><Block Hash="vxs4Ad74n5HyuXby35PXTcytyWHJc0NWNY5x/Wnhc8c=" Size="935"/><Block Hash="uscYW6LbXfZrknhWe5CZ3uHckmpvIgzUR9tlyFg89A8=" Size="666"/><Block Hash="KRbI4U7PNu2rCSfDJmm2+EBpC4XWMdL+eYzDzOvl33E=" Size="1214"/><Block Hash="u5E5s9BQ0biG1XLS4LlITSx0y2yCN2V6A5s1eHzwEno=" Size="1696"/><Block Hash="7hindjr8DAR5RiU5GM278hrGWHF+H8LcaTLuGWYGH2I=" Size="1540"/><Block Hash="fTMJP4HVk8InQA+xjhd4q7S7lwgXovKqtTe7g9WyOXk=" Size="1636"/><Block Hash="QPh89xB0DCU9MjKKIks7Pr+OlLk1IIJgq64q0ox8JT4=" Size="1958"/><Block Hash="4bVOA0DnhCRRdysa9VYHGSFUlI09INhqzESEOHBI6LE=" Size="1059"/><Block Hash="GL7WOnKSMO+VbPQt2GCUUb7sAf3z8j08CDHIEmvD8uw=" Size="902"/><Block Hash="aBp94scedI2DdMRAB7L9terVdTSzX0NTWzhx32pPiVk=" Size="1153"/><Block Hash="Eu705XAPQPx7Tqi6IRi3w4x4jlgLmpX+TgmqkflYreU=" Size="1404"/><Block Hash="RE+iXzop2YbEWe6LESgYhO631wDAH7De7HEPW4pQCfc=" Size="1017"/><Block Hash="mqE13tLqFHqIMZphaBrjXncDdCCDVt4alPlBVp3nvNw=" Size="949"/><Block Hash="s3M6mUJB6Gd9BK6OVqeO1NTezecdvynPozrFri5lTRY=" Size="1100"/><Block Hash="tDxYfUqXa1NJFeETtk4huvFz0ebswjd5U1i6lhEffYU=" Size="1442"/><Block Hash="d6MVL1pm2cxKSjf2d2jSaXLzQWxX/PlwXrPMgZKqGPE=" Size="1002"/><Block Hash="Oet6CNY5bmP1LmXwSXzerJwVJdz7eeLhDKM80uPfT6Q=" Size="2237"/><Block Hash="HGJS13NcMjbYajZ+27CO95BVpiwp+oa3YTDXkaO8WNE=" Size="7807"/><Block Hash="B8gMMzuZIQgIyFuXzZqQmOC0xFqvLSmhE90hLKoTp6w=" Size="8334"/><Block Hash="UOuNS6y2eylP/g2Pg6P1uchDqdbfacqt6BnVeA6yYQc=" Size="8465"/><b4:FileHash Hash="qsemfGtR0pOl3CdEGEyNjftcqzz7kEgnHF76HSs02/Q="/></File><File Name="nvcpluir.dll" Size="10938368" LfhSize="42"><Block Hash="ykIbYlwEfdVyuy3qeA7E2bvDxYpNik+wdgC+ufZVK5E=" Size="24048"/><Block Hash="2l7RSkBb6g74KYmu2aZPax4nGqI6+lAjaa11JtUxdVs=" Size="6999"/><Block Hash="1QiwL5SVhsdDyvTBZkJqpX5O3+j7p/poFQ29uV1DcdM=" Size="5800"/><Block Hash="nYnXE+d9XkQkXOsUkBbLtzWl1nvXztJkE+OTGywFzWA=" Size="8294"/><Block Hash="yhyUjvk0Osz3HRrlbXo90nuc9cPAAVZUqQ9AP/ltr/g=" Size="6879"/><Block Hash="IcU0uf8sGDf7/UIWkUlFB89pUIMXloYHhU+Wj5c+02I=" Size="10604"/><Block Hash="w5x0nbPuM5+RbR3s7ExjL+EP2bXKlpotXteD1HRL740=" Size="13581"/><Block Hash="6SN8zuIoxu3WuHB7r6YLrBr9lJaamB9jE4GAlnraHHU=" Size="26942"/><Block Hash="PgP684RIVqwOlqFlLqzbaU9LQLlFtPGYzrISe0Rr8Bk=" Size="21019"/><Block Hash="zCDPkoTbaLaBOUJF4XiQXKv0XnqtH69OrSxhOhvfrzw=" Size="11521"/><Block Hash="qiQKLVqt5rOWYuHcxlS2JNZpTHIuMkDBcsG5iQ4bA3Q=" Size="1528"/><Block Hash="vqzHOXq/RxumckeMh9vi89NijblsM18w+cu1ipa6+iw=" Size="8869"/><Block Hash="Ndb6UGHj2x6NHy+5Pjh9XK5iWstYU9W8J8PvIhgv954=" Size="1193"/><Block Hash="VicizEzjo4o/9er29Rtoz4NqNZt1/4G2IYl38JTPfc4=" Size="949"/><Block Hash="UmoCE1gait5LbLJTBQWxpn40AE76KnQZrWqaKr8NFbk=" Size="6059"/><Block Hash="LfoRugAdhWd6uJJWTNzgPKwyt9/W/bahHT3lcPnAn88=" Size="5440"/><Block Hash="tEXWjXty46JOGmboP4HD+NC1Lct/D5J6YoRF5Kaoy4E=" Size="337"/><Block Hash="rQe0lHIJvBIs3FobhmPxyy2102JiN6NZvTgbzxpo1XM=" Size="5658"/><Block Hash="8V3w+yr6TnFVoHjj/zNmdghmMtjuvDR+ZvNCbziy3fo=" Size="5464"/><Block Hash="9CLXhJq3A7cwUsI3pol8PEq99/yn6YcnOTPe35SM5to=" Size="4195"/><Block Hash="S3cEnQ3DPp9k2o/Wm49ZVVPya5Z2bSguB4VNCoAfxDQ=" Size="3600"/><Block Hash="6mKuyGFnKBcWKE5YScEgC8ofeFIii2e2xD/0WD2xpLY=" Size="4339"/><Block Hash="l2cpDvawXZMKqdZWLyClYYRrQkVNHNePOAGLFQt9JT4=" Size="4728"/><Block Hash="Om4A3KBUXILXU6XqKaGr0+31Ihm6tHzS/r+w0LqLgU8=" Size="3818"/><Block Hash="WDwo6xIr6mopugPeUOvyoLVehd+VYz4KATABiMxeXdc=" Size="4177"/><Block Hash="gUVUAOLSOgeRPluTu/qhjXJxZ15X80ovOsvH77lHAb0=" Size="3589"/><Block Hash="e+cqVsi26MIeayop6XRKtOMwGAkvGXXy+j6wOn+RRl8=" Size="4090"/><Block Hash="ZEKYoGhD/lFfqE2XtHpZhTgnvSa0Qn/FNq1Lpy0CFL4=" Size="3940"/><Block Hash="s4WISDPBg/k7bYvLhVGivmP/J/XfB+ld7gCveVfeSvM=" Size="3983"/><Block Hash="0/fkQWyXGdAg+ER5iDeTBa5pjSTElmqs8yr/vGYmrN8=" Size="4272"/><Block Hash="160X1bXck7RmSPEc85oLYVYrMj7ZTsOfMwpDnxvjp44=" Size="3979"/><Block Hash="MurBjQ5bnfUQ9CY3Pg6XfmmyLVtqVY4KoULM9LYfqUQ=" Size="4261"/><Block Hash="MQbwhNw1eCOtAeo4RlVOtULhwiqRd4l4WcLy/Kx4PkU=" Size="9626"/><Block Hash="DgDwgN6gUZLSmtXl8VmdiCapinIlscOTFBP9+6OtkDU=" Size="26521"/><Block Hash="w91GeEdDvepe+lQ/wlwEplVtHFZ6coiA7ow79nSPgeI=" Size="1493"/><Block Hash="gmR8DeWm3ls4SRBpliYvDNQV2vD09bMhSRIHwJLxId4=" Size="1531"/><Block Hash="pejSCXpqzCV6ej+AGwoBX/13GI0Kd2Jbi86G7nnFRXs=" Size="1144"/><Block Hash="2M65WOEVX3O4Imtr3jOPkuaiND7Gq0gLN7BS9ml7bVI=" Size="800"/><Block Hash="T9p+eKR1//wHRlo6yzzUe5rpL1FH6Lo3KPzQs+uY4Z4=" Size="1198"/><Block Hash="TH2YuKmHXsYQw2Tt85Thvzfn6t6cBh7pwBdRQgLdIbw=" Size="1228"/><Block Hash="pbloZMTTlH8w/1VYCgq0YAUAfbd+mwQkiCgJTQnx6dU=" Size="2374"/><Block Hash="AAEWzy5frzoqTnyqvnAnKwSgaBpI5+5CbHXwcEkBYVM=" Size="1069"/><Block Hash="nBwvHNkmM8Q37jjVj5m3sS94S38L0WTfvLuvJAAythc=" Size="880"/><Block Hash="tZW7r0IAj4Gv/unTws+yFs4ZPxqdYY6IiMiMBoXchRA=" Size="1036"/><Block Hash="KyYseLkoUF4eIAJHdYNtGD/lPfOJ3D6+Zlbv3piJkMk=" Size="1753"/><Block Hash="mT6DH8P+GA3RfxBSETE44hnCn1xb40pMYQZlea4vULQ=" Size="1450"/><Block Hash="rzIXVt50HekT1jmo59dC6KaJzxIUd2znu4It8OYflnw=" Size="1367"/><Block Hash="JeiyOpJYLzr2hGmBSNeVyiVh4HG2mILjvDPtyODbB4M=" Size="1783"/><Block Hash="QuH/j/8J0a+mgIrC6Thd/nNv0//LU+hAJPr8iFw1Mlg=" Size="1019"/><Block Hash="MwvmLLWTfvFq5QYCHTqOap3QAEj7NeEGWxh0Uw6DTVo=" Size="953"/><Block Hash="Vty13I+3sLG7GS7V4ZM6DrVBgdIlxuthaIdhEXxmnR8=" Size="1509"/><Block Hash="29Sd8iTcziyV9FLOu+3txDRQvMZVa+tywXFGIOsNqLw=" Size="2190"/><Block Hash="FKU/BdoncT2aDlUZi591kvreEzObk9RgM8vwIP4zj7g=" Size="959"/><Block Hash="QdxUP+hBKRY3eXsVP0Qu9TPscQsdpJ/a7Gft9iQhWwo=" Size="1007"/><Block Hash="DgoQ44h9fz7Hci3gypojjGCEH6wCvL2rXBb5dZLhb6M=" Size="739"/><Block Hash="KQRaI25Wh5ua12HBl9XQuOXkKz3jn2YGB98CDBsJ+kc=" Size="1157"/><Block Hash="nU2IFn0c2QkbUqgGxVdJkI4Eo29kcoAjYxN0/NZuQDk=" Size="1752"/><Block Hash="1r5uGCZuIIiunL3nqm17dcWkQfkiURVVodDowsCtDcY=" Size="1921"/><Block Hash="gDiIzHosX2pHBBdWdUNDum2yB/8zwzjdXHQt6VhCIhI=" Size="1102"/><Block Hash="fs7mDHCOdOOoTnf6UVTUNL0Qo5BLtv/WoW3WQj0o/qA=" Size="1893"/><Block Hash="8+hAJac0GZQ8oaXta3ZkS0z7BUT/iYszUSZuFQ2fAcc=" Size="893"/><Block Hash="Z8JkdI2lV844zS7qQOZy+coiuUjZztI38YW1zkX/4Rw=" Size="1059"/><Block Hash="3sbVw9kjoe2IfXQcH2KaR631YmKSu9L3tFEq62MBT7E=" Size="752"/><Block Hash="pTHClkOS2YgZEnP5W741iko9v/NscbwUs7IoCY5+J1o=" Size="1474"/><Block Hash="EjJ7j9C/tAoiB7W6bfSR/A1n0DiYj2l5t03oQwgsoiU=" Size="1578"/><Block Hash="cxv7DuOFeaVdA/B5bYBIkAU0eBJTJw5hRV1tFRJVrVA=" Size="1949"/><Block Hash="EDYOYpQs27JAij8WyCV52UgjkXavVnmFVfTjW4VVuMI=" Size="709"/><Block Hash="Q2dJoRAhm0vl1nFSRCM1HQcNY3cSLIZStpDTeK39+Hc=" Size="1509"/><Block Hash="8djTfkKe2leHSDsAKMAbW3nPJHZZkW65PHvOaHaOoOM=" Size="1500"/><Block Hash="lCs0amlCg6jnMn/Kh42EPv3ISBYeTnSa1Bop0+oE0FI=" Size="2001"/><Block Hash="YLLRWLn43yKSsNDh6waL+QH+yrifUQcMiK7nnGWJrLQ=" Size="958"/><Block Hash="dL2q3j2Xgr/S7NoZisrxA8s3oqnUVf/bTd/kXXJBYeI=" Size="1950"/><Block Hash="Pa0o8utEuQ7RIpbbIALfkjveopowLg+oOsQbXKdqpCs=" Size="856"/><Block Hash="GewvtPUK8gc0QeAT27xs4OAgQlsFlhz7V/sFt5aoTZE=" Size="1217"/><Block Hash="CVAoxonmh5fPIld/4qtqCC6Obi0Q+oCtd1X8zH+SRrM=" Size="783"/><Block Hash="jPtQju4d2JVK19HNCPNSOLAIYYfAaDwdBV/L6hvX7y0=" Size="3014"/><Block Hash="ULSMSg9zJ8e9PcxmK7sI+ES6NLTmB5PZ9ECrQCshxlA=" Size="1106"/><Block Hash="4nReIkUOv+ZdW7mTP5m9HQiFxzE9YTA3Kdc2GnAclMM=" Size="1647"/><Block Hash="vfm1mOcPc1dMSgKmM7IU0EDi/XqBrgce1sRx8XugTE0=" Size="444"/><Block Hash="PKR5EZRpblaZt1HaDIH7QToF39VHDqqYbSN6riIul3U=" Size="1318"/><Block Hash="vJaB0gwH4Mqh4QIBoNb7JUEm3LcJNwwV1H1NpITErjs=" Size="999"/><Block Hash="2/eOiVFSe0LKMLeOfxdxU1a4NXIl0BfTDWKahaEW+I0=" Size="1443"/><Block Hash="xrOelIFxgWhwf9Pz/qejdQ5hOwL3cwEHnwuI2GEf8gE=" Size="475"/><Block Hash="U+eUo0iZKA944Vwcmjyu6LaGu/9FFRRldau/Z9V9ydg=" Size="1762"/><Block Hash="DjmO2lv5ONbMra+oWoz7C9VyvS7IJfw8dbP+TXoVnzE=" Size="1140"/><Block Hash="eyepVNIhRFjXxzTveThD4w3i5hOVbuRH4R1NTZbmRrs=" Size="1324"/><Block Hash="6HEFDUjUdNP3kK4kYbtWxv0Ab6MjbR7C9Q3dQFstDd4=" Size="540"/><Block Hash="oIAxmIj8A3ZCMp+mIw/tfqJoRSE8rGaZfBYCuM8COzc=" Size="2451"/><Block Hash="hvA9q9lS4u04JWLTMHCqzGuyeKtetnDYFxr2AxOREV0=" Size="1356"/><Block Hash="tvOBL8gcNouiYEJNm78E/SlDks0ZVI2W2yc9cjWEECw=" Size="1778"/><Block Hash="TsCviurmMl9M0E43+CJHEfxIYG+J4JqJfAXM6jDDu84=" Size="524"/><Block Hash="FwzL6ENsjgOosQXJ9vNZuU+QoVfrhaD9hUUbq3C2p2g=" Size="1906"/><Block Hash="163NvBkQdTI7otmOCYaSJgxhCndRyFGyC9GWUEEaTZU=" Size="1155"/><Block Hash="ApKekdSnFi1aw6hY7tRlBEsSJC/sRrLDrR2xLsnuLbE=" Size="1302"/><Block Hash="2VeRv6YkLK6Ip7uIHpEONRbiW2J5vJ5jzvn+ZMWsoMc=" Size="421"/><Block Hash="lF+CC4UmUFsbiESYVQkBtSrt0leCbvldrKlH+/kG39o=" Size="1149"/><Block Hash="tAEAisPraePAmROCoviYz9kCFOFnlLVYdx1pk0xW0dE=" Size="849"/><Block Hash="4lBvM9M5/wtNg1N2b/gW+f7Z18PM+AQGmdWnAVFgdkw=" Size="1297"/><Block Hash="7aZEE/jC9EJCRE3fn+aLjx3GA9sAa47nhbuZ9z7qLas=" Size="346"/><Block Hash="kXiFgKIzrDvK+odgrTZbiBrwpW0PLqtyStPCGzWd9qg=" Size="2669"/><Block Hash="CAZkAlLRoss8h08jC/ni3jFChzGrvzBzjYXroHv1GFc=" Size="1408"/><Block Hash="XDfe2ag8HScQTahKLqSQJ0IbgFWmPKm9mK3jPYRkKzg=" Size="1305"/><Block Hash="6v7EChy44dKylyD8Xr7M5m/MtnVWk/e+esiYqDWrH5M=" Size="428"/><Block Hash="r2ZUK4uCNAJXcRdejEhrAW/q6aq6y4nyyNovemy0kuw=" Size="1993"/><Block Hash="CmuLSoTrfvWzm/MiyTzJuKPgjFEoDyrnAJkL3i8yypA=" Size="1255"/><Block Hash="9RufGZPNcm15RsZjQazjYMnITVCdsEZF7aaSSXJoMGk=" Size="1305"/><Block Hash="h27yG9iSCRhrOwenahCtxBRtr9XBAddqWOCVB3VdeBE=" Size="474"/><Block Hash="XUmk5fRzcZgaw67BzwnJ7HPMHhziKGmmXdaI6SSUcfs=" Size="1176"/><Block Hash="kS9V6tUIvivvkYv8LJmU9LPL1BUgsi/QUdKqjt/V2Kc=" Size="1003"/><Block Hash="KUCX6RhF+Kq6dvPKKVT3OmOQorlXPxNje6w+VrFR2is=" Size="2549"/><Block Hash="CEprBcnd1kB1jWIbpCh8Rdynn+reW5nl7ZNVZ5AwQSo=" Size="930"/><Block Hash="XkasbRvWvI2DYAwIF7rE/Mw3JeF2SdInHhJ5xnSrGfE=" Size="1473"/><Block Hash="B6mM3kZFqG6z1XveaJbB5+J334HZm0N1XYq7EVKVqjs=" Size="1144"/><Block Hash="AZjfmqqUdpnfgFrGZj1Hv2eafyOmAiqwDZ17n7XrbcQ=" Size="2482"/><Block Hash="nSg/4gJWW7ASabNRlQq/aGCLj0l/2AtEdH//YvuktI8=" Size="1146"/><Block Hash="od0EkZ3J0UKRz7Ze3f8dvuD/WYLqD60LL1pofMY8nBc=" Size="1419"/><Block Hash="Uqyaz6CyHX5j3ZcGZDPdhD3G0RkexnratYIvscn1ydo=" Size="1008"/><Block Hash="OGbGTvC8M8rMiEeKsEjUFLtsD8pS39TeaAP37G9fZqA=" Size="2417"/><Block Hash="dNpcKHbRO3VdJ3EUIQmAdOwA83Oad3uZ5PYoUVCZKOE=" Size="1177"/><Block Hash="Nr6gEcz3DHC65UhL+9Y59RAvUjFU/w/sRsY0IMhX0L4=" Size="1031"/><Block Hash="6daAhNGKZwDZzyL7bW55L2bP8vJIYxfPcd1LEPP+gew=" Size="877"/><Block Hash="g9V9XnzLxDiYOwXqGuw4H7H0WIiJcifIY0bSoCeMcnE=" Size="2491"/><Block Hash="W8ar70bj73Xv8cbWsSHBE99cX99jideVZ8iNlxItS2Y=" Size="1146"/><Block Hash="pShLcFF/YjoV/hbLTYwo2MkKq4A06mTlWfnRVv0Jbx0=" Size="993"/><Block Hash="fzq66+Zn6BRCvrFfn2OqywiIVRuEb/+cYuPdVTTpc+c=" Size="936"/><Block Hash="bqrGJGnltAsxJ5oUFsox4G6CkEVrz1LIFZNRiPJUYrc=" Size="1975"/><Block Hash="+/5OjpKkgFRNppoXBIkDVzK+p5OpFijmbJVtdrH9uto=" Size="1189"/><Block Hash="7drO11lVWt1oKAAUgTDZ3bcU39opi0wf7BhmwONU1TE=" Size="2200"/><Block Hash="pwiO+ge8G1x/TCpCNJJZZSpDmLFlnh93uKLn1uLtKqY=" Size="2256"/><Block Hash="BC13xwa+qnOJ9RYsRNzg+KRqdQS7X4j77p52vwrbGG8=" Size="1162"/><Block Hash="aPTbVwPnHQplYmyeb8l8hYi0sC2Vxg845kP9k+BCzDw=" Size="815"/><Block Hash="3TZhoTTYp52HllQ+55c7/iwBclUtF8JKYN3Z9kGRCsE=" Size="1514"/><Block Hash="7zD54ZPCvzF9W1U7VUG9r7O9CLdEs2A9UPG1olUUOEw=" Size="1593"/><Block Hash="QXo4oj0Q16qGFohYO1EK4L3L60ugwQoaSaPEEulmmXo=" Size="1346"/><Block Hash="57wE3vK0PgdpiAg7kszZn1SuVW7wcZK+Lnjrcn9jJbk=" Size="1015"/><Block Hash="eLxSG2kyyq2N5cLi5n+2GSrRJ7pYnPOzSRG46ljguvM=" Size="600"/><Block Hash="uPBCX42swOWSHsg37lifNEbh7EUasa2sYlov6r729JM=" Size="1276"/><Block Hash="wzzL7b85QQEvs8REBaMUzAgE1KbrJX2/UjEP3O4KVTE=" Size="1625"/><Block Hash="0817FyEaFJC4dOJkwrQaH5ahWwg5gPk3qAAv+clSURY=" Size="1628"/><Block Hash="Tf1Thw+RJYtEKIyEVbE6t1lZg5rttWj2sLPuWSIPu3c=" Size="1473"/><Block Hash="a926GrRS2wFsjvZJRiydR1eIIfUk3dVAvUjNpyyw5zU=" Size="2104"/><Block Hash="+pHxwhVLBij5mEjrnZxzwtDzAYB5HsgVvYH+4O2PoMY=" Size="1002"/><Block Hash="PLdV81mQR/sUTAxmnqYJuFR5W1ATHkqRk6rh0a1ABiE=" Size="970"/><Block Hash="n0yDxmbWzWTK07Y+SLQP9pKi0V0AixYdJ6NV25inrto=" Size="1100"/><Block Hash="ID443v5OxMHlNLLRvjeiDgo8SFyKqgmRM7u1qCM4pD0=" Size="1429"/><Block Hash="wKHeNm0MqcHyzuHvzG0H+UA8TpzvsZGGHBhUAWy4Y9s=" Size="1014"/><Block Hash="sov6cYiLkRaAaFNJzUbVA+5ocEPu9PXpFdkoKNrRSvo=" Size="1006"/><Block Hash="jFWP4NNJih7Tva+P2NIMzamjf02Y36eObHOImncbmo8=" Size="1016"/><Block Hash="DTc6siQpcsjPcHaADG8rbw1Jm4XOGggvo/RNjMo2t9I=" Size="1479"/><Block Hash="CzU+eVRleErR5ZYF2lzsl7o7MjOlghFZRFtMKkkn5G4=" Size="1045"/><Block Hash="bMp58+/Wa2dAsrE5Q4gV7ouyZwoNIEREH1xBWIWUBIk=" Size="2156"/><Block Hash="aWHXygYLkRLhmJ7refG6RWvPqLhaNnExVACMv96l90I=" Size="6856"/><Block Hash="Son2ZZfWHS6X/vhOE+/Jv8tcIuHC0gLvF+TCIkESBeo=" Size="11193"/><Block Hash="qN1cj3EtmOpgLZtsLYmY/s+4YBrO1IbNjHpKTprd7qo=" Size="9927"/><Block Hash="kGFq/w7NFYsfyEkIRuzbTSWxvSquhAdFOkKKRMd1WWY=" Size="11984"/><Block Hash="drQmBa/l5NiDoad57GDk2ZApWw5WCbS+PEwNsJRT92s=" Size="10748"/><Block Hash="/adkem7C7l+AOa/x19OApx9UIarmrAMGU5X1E+GxdGo=" Size="11939"/><Block Hash="uvCp5KD1HZWOQ9E4HveYdDcKag9z/8/8q06NIPZ2h/A=" Size="13979"/><Block Hash="otde7boF5jFrkZD+lLu50xO9+DQHLqdwrFdfPRc5YiY=" Size="13753"/><Block Hash="5Ad0sO7jerg8H6EQwxitKuKqCYKvDxzNvgj/sKboVQg=" Size="10394"/><Block Hash="8dfckjnFDyzUVq9Hq9AQp3bnEtqQvA8lvvlnBpxHpfk=" Size="11040"/><Block Hash="otl+VsEr9kMuPzrz2H5PXTj/re/EPm04QCJpYVd64yc=" Size="13758"/><Block Hash="NEvw2/hiKC9p1trHL2EfJAs8B3VTfvwvUG4/7rR9MwM=" Size="15592"/><Block Hash="hy/NrI+Pe+pWTuhzD8KlPW+IALwa5KMBsUknpgl4qlQ=" Size="13585"/><Block Hash="6WfBPBM16DDV8HjeyFYpWszYRualbz8OHKOGMMRfFPk=" Size="13214"/><Block Hash="wstATQbK3ldvMHvD3+WQ6huYs/t0ZbYcqeKok2DjWfM=" Size="14003"/><Block Hash="4oiycTR5hFHJeyxJIMf6h3vEHSVqfis9JVhlEu9N8uA=" Size="20003"/><b4:FileHash Hash="EDZPzKRwXoaCaCIc7JAgzWVqdv8dhbIYsMzB/4Ky1YI="/></File><File Name="NvGpuUtilization.exe" Size="3646152" LfhSize="50"><Block Hash="vOfYIDAuDFZbwup3E9eWy8O/7YpFmjZvqb4X8yhMFIk=" Size="29201"/><Block Hash="5GdzKn91wCr3d8q3RNvGrO0uxEH04eFObdbqh5OvXWM=" Size="25901"/><Block Hash="qZTB2JpXsl7atZPXcfHVikevHGOoAp0VLIxKmU3d0zg=" Size="31565"/><Block Hash="iUxuaw392g8+TH/0YC8hHKTpeDtkrjGFW69NefvAZOI=" Size="33057"/><Block Hash="ygHOz19rgzGvpj9nbTqnDmQ84HtxxBF8JHK33DI5yr8=" Size="34335"/><Block Hash="mQYC2FXOnRki4oBQ2uEpAsfKWW/xI/jiS9NW5MczkoM=" Size="33117"/><Block Hash="/i++kXLiq9lk0dN2ht/WLQD6VbapDsa6reqlqvOGz6A=" Size="35887"/><Block Hash="E+4D+0WI9PxTrLuBfjcqn0CLzj5jV6jeafofBnYOzms=" Size="35465"/><Block Hash="eCOBNOiB5ScQ5Ty9jzcQXXHbitDhUUdG31xpa4Mlov0=" Size="34775"/><Block Hash="wgO/X4azxQ+JDU9ir7lLL0pLzQ/xCuZ/wNR08T8oECw=" Size="34767"/><Block Hash="K7bcihZ0dAPnHxAxnTctUzaq8IFmqET7aMKP4iZ6CFY=" Size="35384"/><Block Hash="MyhOYBEfJzhcMn04YVWhRcl6DNJyJLCsi9AiegH8PGk=" Size="34975"/><Block Hash="9PnUmt/jJ/pL5beLy1Y+gqI4jYq22CXJS8WoJ1eBgEU=" Size="33609"/><Block Hash="Q3zi2IyItTgQfnPwqdJJChFbVfiY9f3CxsXfKqQAG4Q=" Size="32751"/><Block Hash="2kWS3alBQEgSTkg5rAGgmGZNDJ8E8BkNVpGdtjpBNB8=" Size="33716"/><Block Hash="WWtthLk3WWb1y17VxlJ4jwoiTC6ylrBS8zmlZ+4z8OQ=" Size="33157"/><Block Hash="gBjwEG8MwQwbCY3wL/5uxC+m+dRoiX6A7SotYPg8OMI=" Size="32971"/><Block Hash="NeioqK9SPgWo2YXssebw8wWOCmCtGhuI05N8NRzCDn0=" Size="31924"/><Block Hash="dTswVYyEG7JekpV3zgkBEA/+6yXS1yKP+4+fLYe2JWQ=" Size="35048"/><Block Hash="7Ox0zMXofS5WGc0FYPyq/SgPRQANA+jNWbwekBEgK3s=" Size="34576"/><Block Hash="pdzkHYUGSRcfCJ7N+0Q8EO2ieDqZ9OqnV6NyTMgIbNI=" Size="34248"/><Block Hash="J85h7U5AmHWQDC/jeuCAuPnZIDQefelniyTsm2kQ3dc=" Size="34482"/><Block Hash="PAe2IN7GI1vmSd7bqZXL/r64Um+8fS8ccd8WkXSqpG4=" Size="34608"/><Block Hash="RVMJBE5h07purn0LquYI4S63WYiGrFNCShMyC2a27OE=" Size="35768"/><Block Hash="UhFJ9k1LOxgUi5j+lmhg7ocTpsKYbyh+u8Op1te8KCI=" Size="34393"/><Block Hash="kkM9N1BEksYIAlCTnflvZNu/8rjEnsdp+Is6FZqaprA=" Size="34024"/><Block Hash="Ee/q6GhOlvbB4hRjMtOKo8yieydQ9gYRv3gCOxm9D8s=" Size="32661"/><Block Hash="bpqrqSR/iFwp+X/K7PRrVCJBbdrPItMhteBi1z6HF20=" Size="35237"/><Block Hash="4F/STIRSnd5ySuvwnPofPHv4lyDZXL1EhyKITscHonQ=" Size="36412"/><Block Hash="sQKmISpSW4nQHB47E3HvI7Hq+3OXWm1/1dtotT/MKnM=" Size="37170"/><Block Hash="BrDWeLVT6+phwS0d45weYrABVWkXDNysRdqA7ZNkCww=" Size="37441"/><Block Hash="TSWInEbCVC5k+eVA7fR2HxITpDZtah1bxdIdgcCre6g=" Size="22892"/><Block Hash="E3UA4OPc5I4lZ4D/I7lMzfvZPkCRvV82S8fCRTctC2k=" Size="20861"/><Block Hash="0hdfZon+7F+fbU4DkgLEMQPNYScC1pTjDaV3B6KUnUA=" Size="11988"/><Block Hash="d5N1Cgl4hxiYpQDDder/R1VTr7LUEGIe7PKRqI+HFSY=" Size="12441"/><Block Hash="BzuVm8jRqNoJBAbduK3V/gd56JY19uKckCwVMCVA3UM=" Size="11503"/><Block Hash="bpjmxAif41Kvi90Z2eLbXT8hYdxeoSQD1sw+KVhNpk8=" Size="11980"/><Block Hash="Hp1E/rXdeUWmENtjQyLSt2BQuyRjQvZBBPWeUX5wYFU=" Size="12537"/><Block Hash="My5XsozPgbBE4Q6bcGqkK3jCzd04BXb9UbrdFQwTxqs=" Size="32360"/><Block Hash="+qeHBCe1tbcsh+YMmobgs4uGH9rTQVwvtOgBA2S4yKM=" Size="13421"/><Block Hash="v4ljjNb91OdNxKhangiyf//pl5BbMndLwprO4iCHbzA=" Size="25190"/><Block Hash="ISo2xoCQH9zifw5QqE5Nlswt6gAJYgL9NIbQlzlZV+4=" Size="28642"/><Block Hash="oMJwjozqj0oWrJUQ3/BbwGL6z/SxGhpHiTdEfn3fzzE=" Size="25944"/><Block Hash="eeLHJwnrONpW68Yxru4zZOSfO4KGiM8k/weckaqSDCs=" Size="19081"/><Block Hash="1L8RleJHT7ytZTUuymGya5IfqqnJOe2eFxteN4SBhTg=" Size="34039"/><Block Hash="UgZfHUStca7wvNi6R32j4sKnSoAWYehEV1jnPwkBXVk=" Size="30636"/><Block Hash="9GifAbOrIy4Vh5eiVQEfFVCgUUtmSibh/AZSHiRFRok=" Size="22010"/><Block Hash="C5W7YeaICW2NqAy3cHBoKt6zGSTe9XBR9tyB46v0aTE=" Size="10803"/><Block Hash="PUnCNBvQiVFuZVUuJvHk9xaaAC5L2OuzVy69tCZTil4=" Size="10064"/><Block Hash="uPoXZSR33G8s2bg+VU4dYIu6hDj4OqVrt1CM740p/w8=" Size="8547"/><Block Hash="A1+EufJfIrczEqqXAbbG2ahX0yfG8Ov32nq9LNjHpP0=" Size="5566"/><Block Hash="Pj+G+DCp544f7/VLCvzbR1pvKqUuZo0opyO+w9LHVMs=" Size="8369"/><Block Hash="aYicO9c1aUr1KoJTJpdH4oTXGjsCxwxqfGtb692enR4=" Size="7750"/><Block Hash="u+sM2sT/wzdLtQ+XLJmE2eCyvwDfny0Kz+R1EwL36Mg=" Size="13299"/><Block Hash="F1iDZhcVRl1jwLfUqTH9sbGcasbpAc4HTTBd/ED3jOY=" Size="13872"/><Block Hash="wbqKhQP9VAgtvMKN1CvTIsWO88UGj4L67+iMRuEaVqc=" Size="8811"/><b4:FileHash Hash="9BiJ2158veT2Keq2YqP1+ygK4CIoO6UBzkv/jEgs4vI="/></File><File Name="nvImage.dll" Size="1020728" LfhSize="41"><Block Hash="Fwmec+SsfybshdxgUx2rWWSxzx1w1hxUfOCFjXFDasM=" Size="14794"/><Block Hash="qrO6umOBKQkKjbRqGrAeiPPyQNdCe9ZRSz9Js10wy9U=" Size="1158"/><Block Hash="Y+c7WwNptMXDwa8WYw1neSMQBKdwyA17g5ZHbn5Adm0=" Size="10152"/><Block Hash="OC5p4+deLSqOm8cymVmSR2E/uKkkLvMG9vUWDWS1eYI=" Size="27170"/><Block Hash="yi32dOgHqqRVzqtymvnZ+S2dlr1IkQK1akkKi6mJp9Q=" Size="25389"/><Block Hash="rZyhtE0IQP6khh3h1zuzGjEZr6YLXYyTz6px0QjC+JE=" Size="19993"/><Block Hash="ofJ+UxkRH6myczWBvpiK/idjmIklbX6+xUERtcaV+To=" Size="26683"/><Block Hash="Pg+fUbisuZ4Q+8fPOIsSj1ktC9NarzZ+RLbk4M5jnnw=" Size="22239"/><Block Hash="Tj7xh/O58CLllbwmla8uuQegHP/R1OUZXNxm2wOa3Mg=" Size="14662"/><Block Hash="U3MwZf02laQyeeDX9ZdUPEhbSoOdqbJHvp4tha2kK7U=" Size="26922"/><Block Hash="/lAJFzF4/nnPzTplefyIYa7MGSI5hNOsVFv5kJoe9zQ=" Size="29005"/><Block Hash="kAkcAz8U1t+P7FTInTNgB/FsNVWwFsHmnQqSBGAdr4Y=" Size="27394"/><Block Hash="h/qNiD3O5X/iYvOK0+7qBn0qEXohqisyu2D4BOi00m8=" Size="17917"/><Block Hash="dHwC4Tpy4jtN29tAH793Fb/pImfSgnvE3BYak2ZvZ8A=" Size="30076"/><Block Hash="hC4elBPbUozKb5JppLIMHRatRcAbJpVGUcAZ46w7aFY=" Size="16144"/><Block Hash="CxX8YTkbZUQQPI35FH/UsdXOUsSONufZs4TqGOqQlt8=" Size="23078"/><b4:FileHash Hash="d0zD2xHUWtVGk4P5UcW3gDCaOaB+dxtdthyM+EpjZTY="/></File><File Name="NvStereoUtilityOGL.exe" Size="1104240" LfhSize="52"><Block Hash="SJwvX0bGJv4QNil0tD+KwatmL5Kae2VZnuj2iLP6DPs=" Size="32632"/><Block Hash="d0w+oMX6ff2KONTSRk8BCM2ij27+PnTbcbMJVsdEqqs=" Size="14580"/><Block Hash="WtfzYLZqdw91t0DgDTVuCjkNKTJzrEyZBfL1dqGlxfQ=" Size="30442"/><Block Hash="rwtKBnzYS+tbtcXQScn8Og56DiTqTymcDf52oEnKegw=" Size="33035"/><Block Hash="EZZd3v7XN4fXh0bYm3xXS1ET8kYjnLgFOCnj5GYh3N0=" Size="12364"/><Block Hash="0LBPlcT4rswusSwudotViFaSb92QtwdbTEkrOgNFjI4=" Size="23065"/><Block Hash="/86g29/wzJZXorRy+/dQJHX0JHH7CLGINroBNe2EMxU=" Size="20822"/><Block Hash="DgGkVpi1KcwqRHP0k03JZYSBcv8CO6aFOmShIBTmN5I=" Size="21310"/><Block Hash="8cDpvFLY+CCYl9BTHMMbpY10A17hJJDiw+EyXJYqAkI=" Size="26589"/><Block Hash="8FeXNqzHh4tTfTrZ859SRoxfnf+kLFQVPdLi/N39rKU=" Size="27263"/><Block Hash="4HUZzPxhsihRtxShw3SPmtYC0Kujzz3oZ1D8AUjbvWA=" Size="26613"/><Block Hash="URz8FrRaa79rXZ9TzF9DPN2zkJ6oLhbS4TxgkvOFN8U=" Size="29001"/><Block Hash="Dn8ubYYxcIq50M8nRrufoTC+5+igData4eFyU6noI2o=" Size="25770"/><Block Hash="4kPI0wQMH6A4ZxFIbMSg3X/LfymeKq7ZIKmwZ23eB0w=" Size="27763"/><Block Hash="GgHepl/B/1o5BF7HRZOHnpLMDC+C+jZvVwaAx0zLTn8=" Size="48516"/><Block Hash="YO6Csf/pOyQfs9R9T4NRQmo5m3CsB/KhD2fiO1Fb180=" Size="39634"/><Block Hash="Wbt0311MiwOLIVGC2OTDhBj8SjpjX5DlQYofPSACjOw=" Size="20118"/><b4:FileHash Hash="wscTGKF/f3Z+XSA9IrSPJ+7K5GpPNwgte0E8Udphg7M="/></File><File Name="NvStTest.exe" Size="2751288" LfhSize="42"><Block Hash="AhdwguqdwkIH7Ay80emkMIkB9ucgDinJK1P2W48VETI=" Size="33830"/><Block Hash="xXnkSHUY7d0Fghz9tBwHo2r8MvjppxHS2eNd/c4kiQw=" Size="27300"/><Block Hash="Kx/6PHOupIPlTlipQk8QAMQNk+mQ1G0kFz9db1ENr5w=" Size="30801"/><Block Hash="9HwmSvDv87gOdDhBVFo0r1oCte+mRHFToTtg1JNqPB8=" Size="33681"/><Block Hash="Z2mkB7ALbfyI7aoWTsNP/E5Qx/cMfx8/OXvM7XRyP+g=" Size="12357"/><Block Hash="1rjfwqX3MzjWanidChV3RMy1Y0aI/H4UcrXzC7/yUsE=" Size="6853"/><Block Hash="Qh1y16h1cXmDBn/NTBIJIHM9KikTW0/LslfEZAEIRRQ=" Size="6675"/><Block Hash="yPh3ZIg+sCxU5E0LDzoq2JOeF639AqsubEecQz0m92Q=" Size="6894"/><Block Hash="pE0IW8UiEkr7XeBdzjzI02SpiktXoIynBld6WhqB7mk=" Size="7056"/><Block Hash="sv/RHSwIyt780A1cZfXPnla9na2yLVKXh3tAIZobD9A=" Size="7044"/><Block Hash="TWXsd1Xg4SE51D8f33b96ZUuHIFyontwPaW6+rzBBgk=" Size="7092"/><Block Hash="g8G5WsuulcJydyysbXbwJuzLPOS+ztlySukLnqoy1QA=" Size="6907"/><Block Hash="GKFBuu1qPEBqok0aswHVDvHMs48kFMrduNGx1kJHIAM=" Size="17688"/><Block Hash="jnWfFYion7qQB/+4z679GjcHAjJtOQn5E/xBbnvdkcw=" Size="36907"/><Block Hash="ooSDlSioFSsZ/wFo4uVV+W57pGby1vHFWXcsf1CHDbA=" Size="34161"/><Block Hash="qlt2b+AWwXK6IOy5OiJz5IejJWGCfU8IK/FkdARtLaE=" Size="37090"/><Block Hash="fGYTw72ZMr5t92LX2u7+5YKtgXSVjju0J3MKIWscE+A=" Size="37246"/><Block Hash="kNAC+Oau0cGWefz6hXa01B9vyUWPsxjj2ryyU4Fj+ho=" Size="35795"/><Block Hash="cXSr6weko/3VTMqjyhBZOrYDQgQ7qpr+OSPv3kjMqvY=" Size="33258"/><Block Hash="KV1JBvfiKL+0ymbvXG688k1B17GbS3/1GZtpZwxYfFE=" Size="39581"/><Block Hash="4Pipp4rm5RqXyu4sZ1j81xpBsFuTTWxOGAPuPt9xCjg=" Size="35209"/><Block Hash="oekU9nTrpOSmOXicYgyl4LDcUlM5zecM5ZBmKLhNX3g=" Size="35322"/><Block Hash="3Lt8kskebQkevcJ37gfhUzVYhpRqY3fh1FhpkYeLJxQ=" Size="25332"/><Block Hash="myGAh8YxrKimA8Xx+BoTJz0yWeqtkfhrtu+jjs3jT/k=" Size="21580"/><Block Hash="UxXEQcLDTx5q5ubY/OcWDbDEqoJrfyuql7vMfehOMdo=" Size="16041"/><Block Hash="CyMAEJD6HGOYvbBndA5/Iqkq60NGjui1FhyvbLi1NWM=" Size="16558"/><Block Hash="a0kLvjROsqx9pRD5562y1PJs0TmshABhuj+ccQcueAw=" Size="22071"/><Block Hash="nOfKy09aCLeSOZ+aqhpXo8L7of+X5JTycYFbIT0+PB8=" Size="18532"/><Block Hash="6CtSr6DQ5X5j0thMG8VPWDEefohR+Hg4xMMjL0JBfco=" Size="18456"/><Block Hash="ZoHGp/V9TsD/MH4/m+p0+CS4/HoJcqlNH4RiOFcFgh4=" Size="17847"/><Block Hash="TV6q7CRB1gk3YD7XMLPi9/BdkDt86Wh2/7rFUsbHPds=" Size="17076"/><Block Hash="wz8VR4BoWm5WxwRSBftJk114bFvHIYThIuYEeG3it3o=" Size="19250"/><Block Hash="M6s6IBjqcRjRC191HbGoFW8pvjADLtaR5IZjTHAuFtE=" Size="17861"/><Block Hash="xKNyjJC9CCVcpuSqgdQ9xIGW9lLyaQW6MNDULVBl568=" Size="14746"/><Block Hash="HiJvY4YovFnN1sBKBy/gDLh4wgRRLy4wGbD/JZ4Ow8E=" Size="33465"/><Block Hash="/NOjJarK1X6yHPPkhlysxZjlYHKRNl7PhUbGJA91ivI=" Size="12577"/><Block Hash="vojLy0dQkU/6jy2C8KAhNWqM3f83dCgp8bWTI1wH/2Y=" Size="22436"/><Block Hash="LWnTs3rSIK+4ratoG49ht7HiaIgxaxOz1G4z4wLD2sw=" Size="19840"/><Block Hash="ZCuk/oaoP+ZyS0QfXbZNoNLE+tGyV2aGK73D7LzxCqU=" Size="30341"/><Block Hash="Hv2tFG7jzDGaZUYXjiOArPLkTA0IoYd2wfocnK4I/Eo=" Size="12365"/><Block Hash="UbNUy5k40Q5eRoqrdG3Ma5REJWF5+5ncHFUv/XTHX6g=" Size="24204"/><Block Hash="g9lHVBB9wDtmhI0svTQtExysbOZhgVDytHujFYEGnLw=" Size="37706"/><b4:FileHash Hash="15nDLd6j4PqCGVY9C2Ys/nWSMc+5CyPmC/daU/E5HNE="/></File><File Name="NvStView.exe" Size="4401464" LfhSize="42"><Block Hash="OIHEPss+LDBRpxa3S6HjkCJkqUD3An8HcLugapWfa2U=" Size="32819"/><Block Hash="ze00sMUDrhGbV6xptUfeaP7rLSl8BjcABjjesQIFeIM=" Size="34640"/><Block Hash="C2IRcXTAan6tMtTOZIyrHtLc+yKACbGXeOVQwEP+yr4=" Size="35450"/><Block Hash="dC4vzi+1Tf7KAX3ELuU60+QbsvNY2OLRwyXWVbgWKrc=" Size="32651"/><Block Hash="HElhgIMoIuFiw6VG6sbe+XFdBvd3/s6qEVbbBvtFdL0=" Size="34279"/><Block Hash="8C3RXDnCeE3ifvYI3zFSTczsTO4uVIkHxxeUSkT8x80=" Size="34947"/><Block Hash="qfhly4tU/H5QUFwL9rjsLpLYqnkqpFpD2lkDkF72c4w=" Size="36495"/><Block Hash="wMnYHcyFMrv2vGxB6Zj8D8zSmecx2j1BMgE5Yd+qHv4=" Size="32938"/><Block Hash="RTvxZSdQrMrtHbbSqWL2jauXHcjbx8ki8hhUbMMzsnQ=" Size="38026"/><Block Hash="PjChSNh978Uy2MR5Gw7fv3/tU96UK3rEbC7ZW94agOc=" Size="37000"/><Block Hash="kExzgwdLAtRtpRleWxF+31JQ3FnfHIyqMNTUfZj6aZs=" Size="37132"/><Block Hash="CCrRU/9h0NXlxlbAPWf1di+dX8IuNRGptY7F+E7cTqI=" Size="37587"/><Block Hash="1yLshJXQ5W/RaR5fhqGKZqWPIFacZWMYdAyl4nMF9CY=" Size="35621"/><Block Hash="XTflvM5Vyj9FZxk747F5X/9I53vo33u4dxHkACdtsgY=" Size="35800"/><Block Hash="VsHxWb+/jq+cbbfLS+D9qvw5hxsLGQC8Nk1uP2D8Di0=" Size="32516"/><Block Hash="7Qj/efSzHv4mCrvv1BUUludQavYUuFxF0+0DYVuM6OM=" Size="34413"/><Block Hash="B0y2ZOsXPYrenQ1EjDXCU+ALDziAHPZvQ9JsT0LJca4=" Size="35757"/><Block Hash="HARBmtbkc35qE2EeEdfhaEBvSwr8l43ZH2AhAd5OEPA=" Size="34057"/><Block Hash="VodLaQrXoRKKPJv4QXsraw21Wz0jBJOs8848glLVeOs=" Size="37709"/><Block Hash="3gljWgAsBubdRRfjnzmhO2jhhr3xgYhTa30nPMfvfrU=" Size="37629"/><Block Hash="pfQJkIvjqFjUdzqXNHUxq/jtumsdpuGGFwlZ4Bt7ilY=" Size="36668"/><Block Hash="ubIJTNXdCwmSrFkdYc3QwPweutZuo5j/Smm6uAtHKLo=" Size="36847"/><Block Hash="++f5ZhmmOZTJlPKFi6FgkUG4MIQ8bpJrGMHPqFZW5kc=" Size="36998"/><Block Hash="S08HGGLfZ1e7fkxZMq62fBUGdD4D179VhNhHOKVwCVI=" Size="37060"/><Block Hash="B75YD0KeUzS5wAESRD3ayWLWF6M1kAf1m+MuRL04eN0=" Size="36211"/><Block Hash="FGGh03bMd5xFc4/4ibhy5ediAnRW6nHaRDWzOIvOXRs=" Size="35832"/><Block Hash="SMfsfdpS60MlQl5tzX//VWXmypLX684Le8kIlEF6RA4=" Size="35954"/><Block Hash="WvdLVmoch3N5uYgYKi7+XzdAJztfQZt0gt9ugksOTsE=" Size="36343"/><Block Hash="r1e2tgObRP5QWlcEwSFn8cGlnokA+oI8vEBHmUnigjU=" Size="32674"/><Block Hash="flkKMxondWvBfvfWmrKbwb/6CsjYF3svPYATYcP6ZWo=" Size="34941"/><Block Hash="5FaFeb5rNF380tJFblVpSdm8RG5WuLxe/s2ik8h8uF4=" Size="36183"/><Block Hash="+ugB4A+UrdGUULEJrEyS1gyGximZNWZP464OKhRpKIk=" Size="11297"/><Block Hash="AL/Gyh32wsSNvtR1MKCjkch93Aiups8KkgZANWhqK+c=" Size="8258"/><Block Hash="4SUI672nU4a7gbqZe4ipdD5KENyI6tJ+3jR9dOcjnwU=" Size="8027"/><Block Hash="ZCzoskTb2QRjvEFpcsOm3ncvUQCEb/rzlbHXt38kRaY=" Size="7996"/><Block Hash="7Svx7P4rWt/H2cZilipf/lFEBJS5g3PiwFTlcX4c67s=" Size="8730"/><Block Hash="DxfgKhGDSJOhKJosZEulANdE+uzeFOMvEjuBjNerL/Q=" Size="23522"/><Block Hash="Jly4LixSQ+h/HzwJMnCdHG1X3mAZYsNU85DZV3RwAPo=" Size="31058"/><Block Hash="wtHP9gR+h/dqKDamhh246M7NwQkiBrtnawpeZRfHTr8=" Size="14465"/><Block Hash="w8tDT8GZJ+MQ1jhlvtobPDaz9maj0uWCII0yjb3KxpU=" Size="28168"/><Block Hash="UEu0yENj/XvVoGcpZMbWM6GxQWg0vl9BLKm1hr0QbUs=" Size="32810"/><Block Hash="Tzn9S5Kb/7ttcRZnI6DDOtK8QNp3+dBcnXY5laXFvC0=" Size="35176"/><Block Hash="yBeMZxseT8fZ5f8Qv4emf+mM0O79adr6b2NWpI8ZaEg=" Size="29102"/><Block Hash="A418KT6UG01LDyoye5dYOsODZLVQWtUC63Jg8wy99l8=" Size="27036"/><Block Hash="DlZM1qdtgrUmYQXqmOemW+OOHHpivJicgWLPOb6iLPg=" Size="27596"/><Block Hash="aaRDK/IXmRXFyUX0dcPu9BG+hL6edHmD3myW7VUfrSk=" Size="20263"/><Block Hash="jDriKNmsqRdfNoAT5YtOb12RrUZumbZ9q8YKbVMo1ZI=" Size="16987"/><Block Hash="VFrC8Q68Crkg69l5+4lrPkgcRWnFLUg1CzEaQ+5Fat8=" Size="15503"/><Block Hash="UL4VxNiq4K6sPzvgOzW923c4E6Qd4wYSMs4wHny9y8Q=" Size="38264"/><Block Hash="yxVMM2xnOBTlVFqkHBPtBSMxjjhhlyy/RwUou0gjlCs=" Size="19895"/><Block Hash="KIeMhkJJZGdlpiJgv0RW0VdVOIRnAWgJt8071Dl9Hsg=" Size="17176"/><Block Hash="5z8uTq8tVL3eok53ioRQOdeeKnWqozoUHIMas4CTUdg=" Size="14440"/><Block Hash="Vse28zTp+pPmUHIMHPmFFE024Cv3WKv6jBDTs2ljnHU=" Size="19734"/><Block Hash="c9umUS9wmYZtr14M8GZ+2F0+fC0XtWykkIvxagYmlJ8=" Size="43495"/><Block Hash="0rbhQmrA+GfC6fj0oaXAM5Fjrr7jG2QHbdE0oxInjVk=" Size="63168"/><Block Hash="O3UTN2BWvdlGsUd/muNPl77EcEuKEDJwYhlrK/iXp0s=" Size="50683"/><Block Hash="WVutJ1gonqu6tiVzeeF15zDgqF8luEj8lNdK2yN8ryg=" Size="63308"/><Block Hash="zZ30pt1WDSika+TG0H1tKwuWK/wknigk1gkYj9maVTo=" Size="17810"/><Block Hash="tYm0B07LofkNUVMJU1h2SmcDCx76vLDtkqDzb07h6DM=" Size="13770"/><Block Hash="d/txCZkVjnoUdTpkNi/I94on2cQ4cX/kNOqpE3ccIoY=" Size="13654"/><Block Hash="e17+DgzOkIFTCR6Wr52kaCcDnlRksPdCXpy6Ikx2u9A=" Size="15587"/><Block Hash="zk/QXqMB3f8mA+lvvxOIEBPxYtRcMKmG5cDAPhlW6VA=" Size="13309"/><Block Hash="JuqnCIujbZjoTmBokW9WioKGAqugC7CX7/hS1i0X5sY=" Size="14815"/><Block Hash="zjZMg2v0oPdX9MjeoumoN4x8F5FsHKlTU6XD7fRc7bE=" Size="33776"/><Block Hash="OHk7aK16n+YzrPisShvQMTaU+IekvSYVIsnFN4HrBe0=" Size="36417"/><Block Hash="LKPGdScDibx9M+1Lm8qnSm2kxC+Lwd/I/oodJdyde6Y=" Size="20298"/><Block Hash="sqZ8oGJwiJVXMnjoRiXhIIrbHRazAoHbTcSuPXQphfE=" Size="20825"/><Block Hash="p0Q9xEfJRq1eKXF6si5VzSaiou+bm/KnvYAEfwtxz/Q=" Size="6867"/><b4:FileHash Hash="K/71f6FS3YBgE8yYby8JuVlLa5gt8hthSvFoyfWpoHo="/></File><File Name="resources.pri" Size="5000" LfhSize="43"><Block Hash="gNMIxzrajVQ6wMnYCQoXCE5ZgU47oWF4WkAv0jP1LzA=" Size="1163"/></File><File Name="NvStWiz.exe" Size="442680" LfhSize="41"><Block Hash="RWMUwk5+6ozBvqxp7EHHd8BvWbtYWBs84b1GLPGnawI=" Size="21983"/><Block Hash="w5iv61m9/5a+ROJDtpO3h1IrSxB82NICviUuyIo+dbQ=" Size="34229"/><Block Hash="VoEyy3kXFCpHcESnLNpFmzUzqJdOcUDfIlvMfKHrlUw=" Size="37752"/><Block Hash="MAL3Utp3O/+b0LhnpwU8vvq6Pz0rbZRpuPtW+pGhFA4=" Size="20448"/><Block Hash="iqbyGZhbaz7szR+rKp+I9nMrr/QOYWYZquahVneNHmI=" Size="12123"/><Block Hash="EIbI7VEFX/rFaok43Q3AIna1brhJFHwEl0LAGy0xEP0=" Size="59779"/><Block Hash="93SARayFzxFouCQ6N4rOdoLMI/IhfMAxBfcjSsn4hQY=" Size="31556"/><b4:FileHash Hash="wq1b0YnfBLOb4Y3sXNJRz3mwZgEHBq0m2Z335J/Qd2I="/></File><File Name="AppxManifest.xml" Size="2998" LfhSize="46"><Block Hash="A8VjcZHitOiDLBxrqC5ZCmzcmlEmyn3PY8WSWNwgYyI=" Size="962"/></File></BlockMap>